condition,mean_ttr,mean_pinc,div,bleu,gleu,bertscore
bootstrap,0.15388436459305432,0.44840821686024296,0.7456604961664647,0.009746372333602088,0.013959789753367646,0.92199398506734
taboo_pattern,0.1736676242989438,0.49064849788631437,0.7822116820525009,0.00975997953375625,0.014174136612065338,0.9152488708496094
