condition,mean_ttr,mean_pinc,div,bleu,gleu,bertscore
bootstrap,0.15388436459305432,0.44840821686024296,0.7456604961664647,0.009746372333602088,0.013959789753367646,0.92199398506734
taboo_pattern,0.2758594212697285,0.557993509192913,0.885171248994628,0.008996963342252818,0.01334589213148067,0.8994542360305786
