condition,mean_ttr,mean_pinc,div,bleu,gleu,bertscore
bootstrap,0.15388436459305432,0.44840821686024296,0.7456604961664647,0.009746372333602088,0.013959789753367646,0.92199398506734
patterns_by_examples,0.19716771308970918,0.5079708566724327,0.8104720294792068,0.00930481570933581,0.01382133185732723,0.9069581031799316
