condition,mean_ttr,mean_pinc,div,bleu,gleu,bertscore
bootstrap,0.15388436459305432,0.44840821686024296,0.7456604961664647,0.009746372333602088,0.013959789753367646,0.92199398506734
patterns_by_examples,0.39975027112852196,0.619944241014522,0.9363298032945451,0.008651244557738625,0.013155197332726343,0.8794520497322083
