condition,mean_ttr,mean_pinc,div,bleu,gleu,bertscore
bootstrap,0.15388436459305432,0.44840821686024296,0.7456604961664647,0.009746372333602088,0.013959789753367646,0.92199398506734
patterns_by_examples,0.2934111168874627,0.5638096320023335,0.8912484823274534,0.009158977469088744,0.013810543869346418,0.8951095938682556
